Vaccin;Nume;Rappel;TEI;FR (farma);RO
Salut les gensStamaril;Valable � vie;23;22;50
Encefalita Japoneza;Ixiaro;Deux doses (0 et 28 jours), puis 2 ans, puis 10 ans;13;2;44
HEP A;Avaxim;0 puis apr�s 12 ou 36 mois, puis 10 ans;14;8,5;50
Typhoide;Typherix/Typhim;valable 3 ans ou a faire avant d�part;23;22;50
DIPHTERIE - TETANOS - POLIOMYELITE;"REVAXIS
DULTAVAX (RO)";DIPHTERIE - valable 20 ans, apr�s 65 ans � faire tous les 10 ans;13;5;44
DIPHTERIE - TETANOS - POLIOMYELITE;"REVAXIS
DULTAVAX (RO)";DIPHTERIE - valable 20 ans, apr�s 65 ans � faire tous les 10 ans;14;8,5;50
Febra Galbena;Stamaril;Valable � vie;23;22;50
Encefalita Japoneza;Ixiaro;Deux doses (0 et 28 jours), puis 2 ans, puis 10 ans;13;2;44
HEP A;Avaxim;0 puis apr�s 12 ou 36 mois, puis 10 ans;14;8,5;50
Typhoide;Typherix/Typhim;valable 3 ans ou a faire avant d�part;23;22;50
DIPHTERIE - TETANOS - POLIOMYELITE;"REVAXIS
DULTAVAX (RO)";DIPHTERIE - valable 20 ans, apr�s 65 ans � faire tous les 10 ans;13;5;44
DIPHTERIE - TETANOS - POLIOMYELITE;"REVAXIS
DULTAVAX (RO)";DIPHTERIE - valable 20 ans, apr�s 65 ans � faire tous les 10 ans;14;8,5;50
Febra Galbena;Stamaril;Valable � vie;23;22;50
Encefalita Japoneza;Ixiaro;Deux doses (0 et 28 jours), puis 2 ans, puis 10 ans;13;2;44
HEP A;Avaxim;0 puis apr�s 12 ou 36 mois, puis 10 ans;14;8,5;50
Typhoide;Typherix/Typhim;valable 3 ans ou a faire avant d�part;23;22;50
DIPHTERIE - TETANOS - POLIOMYELITE;"REVAXIS
DULTAVAX (RO)";DIPHTERIE - valable 20 ans, apr�s 65 ans � faire tous les 10 ans;13;5;44
DIPHTERIE - TETANOS - POLIOMYELITE;"REVAXIS
DULTAVAX (RO)";DIPHTERIE - valable 20 ans, apr�s 65 ans � faire tous les 10 ans;14;8,5;50
Febra Galbena;Stamaril;Valable � vie;23;22;50
Encefalita Japoneza;Ixiaro;Deux doses (0 et 28 jours), puis 2 ans, puis 10 ans;13;2;44
HEP A;Avaxim;0 puis apr�s 12 ou 36 mois, puis 10 ans;14;8,5;50
Typhoide;Typherix/Typhim;valable 3 ans ou a faire avant d�part;23;22;50
DIPHTERIE - TETANOS - POLIOMYELITE;"REVAXIS666
DULTAVAX (RO)";DIPHTERIE - valable 20 ans, apr�s 65 ans � faire tous les 10 ans;13;5;44
DIPHTERIE - TETANOS - POLIOMYELITE;"REVAXIS
DULTAVAX (RO)";DIPHTERIE - valable 20 ans, apr�s 65 ans � faire tous les 10 ans;14;8,5;50
Febra Galbena;Stamaril;Valable � vie;23;22;50
Encefalita Japoneza;Ixiaro;Deux doses (0 et 28 jours), puis 2 ans, puis 10 ans;13;2;44
HEP A;Avaxim;0 puis apr�s 12 ou 36 mois, puis 10 ans;14;8,5;50
Typhoide;Typherix/Typhim;valable 3 ans ou a faire avant d�part;23;22;50
DIPHTERIE - TETANOS - POLIOMYELITE;"REVAXIS
DULTAVAX (RO)";DIPHTERIE - valable 20 ans, apr�s 65 ans � faire tous les 10 ans;13;5;44
DIPHTERIE - TETANOS - POLIOMYELITE;"REVAXIS
DULTAVAX (RO)";DIPHTERIE - valable 20 ans, apr�s 65 ans � faire tous les 10 ans;14;8,5;50
Febra Galbena;Stamaril;Valable � vie;23;22;50
Encefalita Japoneza;Ixiaro;Deux doses (0 et 28 jours), puis 2 ans, puis 10 ans;13;2;44
HEP A;Avaxim;0 puis apr�s 12 ou 36 mois, puis 10 ans;14;8,5;50
Typhoide;Typherix/Typhim;valable 3 ans ou a faire avant d�part;23;22;50
DIPHTERIE - TETANOS - POLIOMYELITE;"REVAXIS
DULTAVAX (RO)";DIPHTERIE - valable 20 ans, apr�s 65 ans � faire tous les 10 ans;13;5;44
DIPHTERIE - TETANOS - POLIOMYELITE;"REVAXIS
DULTAVAX (RO)";DIPHTERIE - valable 20 ans, apr�s 65 ans � faire tous les 10 ans;14;8,5;50
Febra Galbena;Stamaril;Valable � vie;23;22;50
Encefalita Japoneza;Ixiaro;Deux doses (0 et 28 jours), puis 2 ans, puis 10 ans;13;2;44
HEP A;Avaxim;0 puis apr�s 12 ou 36 mois, puis 10 ans;14;8,5;50
Typhoide;Typherix/Typhim;valable 3 ans ou a faire avant d�part;23;22;50
DIPHTERIE - TETANOS - POLIOMYELITE;"REVAXIS
DULTAVAX (RO)";DIPHTERIE - valable 20 ans, apr�s 65 ans � faire tous les 10 ans;13;5;44
DIPHTERIE - TETANOS - POLIOMYELITE;"REVAXIS
DULTAVAX (RO)";DIPHTERIE - valable 20 ans, apr�s 65 ans � faire tous les 10 ans;14;8,5;50
Febra Galbena;Stamaril;Valable � vie;23;22;50
Encefalita Japoneza;Ixiaro;Deux doses (0 et 28 jours), puis 2 ans, puis 10 ans;13;2;44
HEP A;Avaxim;0 puis apr�s 12 ou 36 mois, puis 10 ans;14;8,5;50
Typhoide;Typherix/Typhim;valable 3 ans ou a faire avant d�part;23;22;50
DIPHTERIE - TETANOS - POLIOMYELITE;"REVAXIS
DULTAVAX (RO)";DIPHTERIE - valable 20 ans, apr�s 65 ans � faire tous les 10 ans;13;5;44
DIPHTERIE - TETANOS - POLIOMYELITE;"REVAXIS
DULTAVAX (RO)";DIPHTERIE - valable 20 ans, apr�s 65 ans � faire tous les 10 ans;14;8,5;50
Febra Galbena;Stamaril;Valable � vie;23;22;50
Encefalita Japoneza;Ixiaro;Deux doses (0 et 28 jours), puis 2 ans, puis 10 ans;13;2;44
HEP A;Avaxim;0 puis apr�s 12 ou 36 mois, puis 10 ans;14;8,5;50
Typhoide;Typherix/Typhim;valable 3 ans ou a faire avant d�part;23;22;50
DIPHTERIE - TETANOS - POLIOMYELITE;"REVAXIS
DULTAVAX (RO)";DIPHTERIE - valable 20 ans, apr�s 65 ans � faire tous les 10 ans;13;5;44
DIPHTERIE - TETANOS - POLIOMYELITE;"REVAXIS
DULTAVAX (RO)";DIPHTERIE - valable 20 ans, apr�s 65 ans � faire tous les 10 ans;14;8,5;50
Febra Galbena;Stamaril;Valable � vie;23;22;50
Encefalita Japoneza;Ixiaro;Deux doses (0 et 28 jours), puis 2 ans, puis 10 ans;13;2;44
HEP A;Avaxim;0 puis apr�s 12 ou 36 mois, puis 10 ans;14;8,5;50
Typhoide;Typherix/Typhim;valable 3 ans ou a faire avant d�part;23;22;50
DIPHTERIE - TETANOS - POLIOMYELITE;"REVAXIS
DULTAVAX (RO)";DIPHTERIE - valable 20 ans, apr�s 65 ans � faire tous les 10 ans;13;5;44
DIPHTERIE - TETANOS - POLIOMYELITE;"REVAXIS
DULTAVAX (RO)";DIPHTERIE - valable 20 ans, apr�s 65 ans � faire tous les 10 ans;14;8,5;50
Febra Galbena;Stamaril;Valable � vie;23;22;50
Encefalita Japoneza;Ixiaro;Deux doses (0 et 28 jours), puis 2 ans, puis 10 ans;13;2;44
HEP A;Avaxim;0 puis apr�s 12 ou 36 mois, puis 10 ans;14;8,5;50
Typhoide;Typherix/Typhim;valable 3 ans ou a faire avant d�part;23;22;50
DIPHTERIE - TETANOS - POLIOMYELITE;"REVAXIS
DULTAVAX (RO)";DIPHTERIE - valable 20 ans, apr�s 65 ans � faire tous les 10 ans;13;5;44
DIPHTERIE - TETANOS - POLIOMYELITE;"REVAXIS
DULTAVAX (RO)";DIPHTERIE - valable 20 ans, apr�s 65 ans � faire tous les 10 ans;14;8,5;50
Febra Galbena;Stamaril;Valable � vie;23;22;50
Encefalita Japoneza;Ixiaro;Deux doses (0 et 28 jours), puis 2 ans, puis 10 ans;13;2;44
HEP A;Avaxim;0 puis apr�s 12 ou 36 mois, puis 10 ans;14;8,5;50
Typhoide;Typherix/Typhim;valable 3 ans ou a faire avant d�part;23;22;50
DIPHTERIE - TETANOS - POLIOMYELITE;"REVAXIS
DULTAVAX (RO)";DIPHTERIE - valable 20 ans, apr�s 65 ans � faire tous les 10 ans;13;5;44
DIPHTERIE - TETANOS - POLIOMYELITE;"REVAXIS
DULTAVAX (RO)";DIPHTERIE - valable 20 ans, apr�s 65 ans � faire tous les 10 ans;14;8,5;50
Febra Galbena;Stamaril;Valable � vie;23;22;50
Encefalita Japoneza;Ixiaro;Deux doses (0 et 28 jours), puis 2 ans, puis 10 ans;13;2;44
HEP A;Avaxim;0 puis apr�s 12 ou 36 mois, puis 10 ans;14;8,5;50
Typhoide;Typherix/Typhim;valable 3 ans ou a faire avant d�part;23;22;50
DIPHTERIE - TETANOS - POLIOMYELITE;"REVAXIS
DULTAVAX (RO)";DIPHTERIE - valable 20 ans, apr�s 65 ans � faire tous les 10 ans;13;5;44
DIPHTERIE - TETANOS - POLIOMYELITE;"REVAXIS
DULTAVAX (RO)";DIPHTERIE - valable 20 ans, apr�s 65 ans � faire tous les 10 ans;14;8,5;50
Febra Galbena;Stamaril;Valable � vie;23;22;50
Encefalita Japoneza;Ixiaro;Deux doses (0 et 28 jours), puis 2 ans, puis 10 ans;13;2;44
HEP A;Avaxim;0 puis apr�s 12 ou 36 mois, puis 10 ans;14;8,5;50
Typhoide;Typherix/Typhim;valable 3 ans ou a faire avant d�part;23;22;50
DIPHTERIE - TETANOS - POLIOMYELITE;"REVAXIS
DULTAVAX (RO)";DIPHTERIE - valable 20 ans, apr�s 65 ans � faire tous les 10 ans;13;5;44
DIPHTERIE - TETANOS - POLIOMYELITE;"REVAXIS
DULTAVAX (RO)";DIPHTERIE - valable 20 ans, apr�s 65 ans � faire tous les 10 ans;14;8,5;50
Febra Galbena;Stamaril;Valable � vie;23;22;50
Encefalita Japoneza;Ixiaro;Deux doses (0 et 28 jours), puis 2 ans, puis 10 ans;13;2;44
HEP A;Avaxim;0 puis apr�s 12 ou 36 mois, puis 10 ans;14;8,5;50
Typhoide;Typherix/Typhim;valable 3 ans ou a faire avant d�part;23;22;50
DIPHTERIE - TETANOS - POLIOMYELITE;"REVAXIS
DULTAVAX (RO)";DIPHTERIE - valable 20 ans, apr�s 65 ans � faire tous les 10 ans;13;5;44
DIPHTERIE - TETANOS - POLIOMYELITE;"REVAXIS
DULTAVAX (RO)";DIPHTERIE - valable 20 ans, apr�s 65 ans � faire tous les 10 ans;14;8,5;50
Febra Galbena;Stamaril;Valable � vie;23;22;50
Encefalita Japoneza;Ixiaro;Deux doses (0 et 28 jours), puis 2 ans, puis 10 ans;13;2;44
HEP A;Avaxim;0 puis apr�s 12 ou 36 mois, puis 10 ans;14;8,5;50
Typhoide;Typherix/Typhim;valable 3 ans ou a faire avant d�part;23;22;50
DIPHTERIE - TETANOS - POLIOMYELITE;"REVAXIS
DULTAVAX (RO)";DIPHTERIE - valable 20 ans, apr�s 65 ans � faire tous les 10 ans;13;5;44
DIPHTERIE - TETANOS - POLIOMYELITE;"REVAXIS
DULTAVAX (RO)";DIPHTERIE - valable 20 ans, apr�s 65 ans � faire tous les 10 ans;14;8,5;50
Febra Galbena;Stamaril;Valable � vie;15,03030303;9,287878788;48
Encefalita Japoneza;Ixiaro;Deux doses (0 et 28 jours), puis 2 ans, puis 10 ans;14,77855478;8,973193473;48
HEP A;Avaxim;1 puis apr�s 12 ou 36 mois, puis 10 ans;14,52680653;8,658508159;48
Typhoide;Typherix/Typhim;valable 3 ans ou a faire avant d�part;14,27505828;8,343822844;48
DIPHTERIE - TETANOS - POLIOMYELITE;"REVAXIS
DULTAVAX (RO)";DIPHTERIE - valable 20 ans, apr�s 65 ans � faire tous les 10 ans;14,02331002;8,029137529;48
DIPHTERIE - TETANOS - POLIOMYELITE;"REVAXIS
DULTAVAX (RO)";DIPHTERIE - valable 20 ans, apr�s 65 ans � faire tous les 10 ans;13,77156177;7,714452214;48
Febra Galbena;Stamaril;Valable � vie;13,51981352;7,3997669;48
Encefalita Japoneza;Ixiaro;Deux doses (0 et 28 jours), puis 2 ans, puis 10 ans;13,26806527;7,085081585;48
HEP A;Avaxim;1 puis apr�s 12 ou 36 mois, puis 10 ans;13,01631702;6,77039627;48
Typhoide;Typherix/Typhim;valable 3 ans ou a faire avant d�part;12,76456876;6,455710956;48
DIPHTERIE - TETANOS - POLIOMYELITE;"REVAXIS
DULTAVAX (RO)";DIPHTERIE - valable 20 ans, apr�s 65 ans � faire tous les 10 ans;12,51282051;6,141025641;48
DIPHTERIE - TETANOS - POLIOMYELITE;"REVAXIS
DULTAVAX (RO)";DIPHTERIE - valable 20 ans, apr�s 65 ans � faire tous les 10 ans;12,26107226;5,826340326;48
Febra Galbena;Stamaril;Valable � vie;12,00932401;5,511655012;48
Encefalita Japoneza;Ixiaro;Deux doses (0 et 28 jours), puis 2 ans, puis 10 ans;11,75757576;5,196969697;48
HEP A;Avaxim;2 puis apr�s 12 ou 36 mois, puis 10 ans;11,50582751;4,882284382;48
Typhoide;Typherix/Typhim;valable 3 ans ou a faire avant d�part;11,25407925;4,567599068;48
DIPHTERIE - TETANOS - POLIOMYELITE;"REVAXIS
DULTAVAX (RO)";DIPHTERIE - valable 20 ans, apr�s 65 ans � faire tous les 10 ans;11,002331;4,252913753;48
DIPHTERIE - TETANOS - POLIOMYELITE;"REVAXIS
DULTAVAX (RO)";DIPHTERIE - valable 20 ans, apr�s 65 ans � faire tous les 10 ans;10,75058275;3,938228438;48
Febra Galbena;Stamaril;Valable � vie;10,4988345;3,623543124;48
Encefalita Japoneza;Ixiaro;Deux doses (0 et 28 jours), puis 2 ans, puis 10 ans;10,24708625;3,308857809;48
HEP A;Avaxim;2 puis apr�s 12 ou 36 mois, puis 10 ans;9,995337995;2,994172494;48
Typhoide;Typherix/Typhim;valable 3 ans ou a faire avant d�part;9,743589744;2,679487179;48
DIPHTERIE - TETANOS - POLIOMYELITE;"REVAXIS
DULTAVAX (RO)";DIPHTERIE - valable 20 ans, apr�s 65 ans � faire tous les 10 ans;9,491841492;2,364801865;48
DIPHTERIE - TETANOS - POLIOMYELITE;"REVAXIS
DULTAVAX (RO)";DIPHTERIE - valable 20 ans, apr�s 65 ans � faire tous les 10 ans;9,24009324;2,05011655;48
Febra Galbena;Stamaril;Valable � vie;8,988344988;1,735431235;48
Encefalita Japoneza;Ixiaro;Deux doses (0 et 28 jours), puis 2 ans, puis 10 ans;8,736596737;1,420745921;48
HEP A;Avaxim;3 puis apr�s 12 ou 36 mois, puis 10 ans;8,484848485;1,106060606;48
Febra Galbena;Stamaril;Valable � vie;8,233100233;0,791375291;48
Encefalita Japoneza;Ixiaro;Deux doses (0 et 28 jours), puis 2 ans, puis 10 ans;7,981351981;0,476689977;48
HEP A;Avaxim;1 puis apr�s 12 ou 36 mois, puis 10 ans;7,72960373;0,162004662;48
Typhoide;Typherix/Typhim;valable 3 ans ou a faire avant d�part;7,477855478;-0,152680653;48
DIPHTERIE - TETANOS - POLIOMYELITE;"REVAXIS
DULTAVAX (RO)";DIPHTERIE - valable 20 ans, apr�s 65 ans � faire tous les 10 ans;7,226107226;-0,467365967;48
DIPHTERIE - TETANOS - POLIOMYELITE;"REVAXIS
DULTAVAX (RO)";DIPHTERIE - valable 20 ans, apr�s 65 ans � faire tous les 10 ans;6,974358974;-0,782051282;48
Febra Galbena;Stamaril;Valable � vie;6,722610723;-1,096736597;48
Encefalita Japoneza;Ixiaro;Deux doses (0 et 28 jours), puis 2 ans, puis 10 ans;6,470862471;-1,411421911;48
HEP A;Avaxim;1 puis apr�s 12 ou 36 mois, puis 10 ans;6,219114219;-1,726107226;48
Typhoide;Typherix/Typhim;valable 3 ans ou a faire avant d�part;5,967365967;-2,040792541;48
DIPHTERIE - TETANOS - POLIOMYELITE;"REVAXIS
DULTAVAX (RO)";DIPHTERIE - valable 20 ans, apr�s 65 ans � faire tous les 10 ans;5,715617716;-2,355477855;48
DIPHTERIE - TETANOS - POLIOMYELITE;"REVAXIS
DULTAVAX (RO)";DIPHTERIE - valable 20 ans, apr�s 65 ans � faire tous les 10 ans;5,463869464;-2,67016317;48
Febra Galbena;Stamaril;Valable � vie;5,212121212;-2,984848485;48
Encefalita Japoneza;Ixiaro;Deux doses (0 et 28 jours), puis 2 ans, puis 10 ans;4,96037296;-3,2995338;48
HEP A;Avaxim;2 puis apr�s 12 ou 36 mois, puis 10 ans;4,708624709;-3,614219114;48
Typhoide;Typherix/Typhim;valable 3 ans ou a faire avant d�part;4,456876457;-3,928904429;48
DIPHTERIE - TETANOS - POLIOMYELITE;"REVAXIS
DULTAVAX (RO)";DIPHTERIE - valable 20 ans, apr�s 65 ans � faire tous les 10 ans;4,205128205;-4,243589744;48
DIPHTERIE - TETANOS - POLIOMYELITE;"REVAXIS
DULTAVAX (RO)";DIPHTERIE - valable 20 ans, apr�s 65 ans � faire tous les 10 ans;3,953379953;-4,558275058;48
Febra Galbena;Stamaril;Valable � vie;3,701631702;-4,872960373;48
Encefalita Japoneza;Ixiaro;Deux doses (0 et 28 jours), puis 2 ans, puis 10 ans;3,44988345;-5,187645688;48
HEP A;Avaxim;2 puis apr�s 12 ou 36 mois, puis 10 ans;3,198135198;-5,502331002;48
Typhoide;Typherix/Typhim;valable 3 ans ou a faire avant d�part;2,946386946;-5,817016317;48
DIPHTERIE - TETANOS - POLIOMYELITE;"REVAXIS
DULTAVAX (RO)";DIPHTERIE - valable 20 ans, apr�s 65 ans � faire tous les 10 ans;2,694638695;-6,131701632;48
DIPHTERIE - TETANOS - POLIOMYELITE;"REVAXIS
DULTAVAX (RO)";DIPHTERIE - valable 20 ans, apr�s 65 ans � faire tous les 10 ans;2,442890443;-6,446386946;48
Febra Galbena;Stamaril;Valable � vie;2,191142191;-6,761072261;48
Encefalita Japoneza;Ixiaro;Deux doses (0 et 28 jours), puis 2 ans, puis 10 ans;1,939393939;-7,075757576;48
HEP A;Avaxim;3 puis apr�s 12 ou 36 mois, puis 10 ans;1,687645688;-7,39044289;48
Typhoide;Typherix/Typhim;valable 3 ans ou a faire avant d�part;1,435897436;-7,705128205;48
DIPHTERIE - TETANOS - POLIOMYELITE;"REVAXIS
DULTAVAX (RO)";DIPHTERIE - valable 20 ans, apr�s 65 ans � faire tous les 10 ans;1,184149184;-8,01981352;48
DIPHTERIE - TETANOS - POLIOMYELITE;"REVAXIS
DULTAVAX (RO)";DIPHTERIE - valable 20 ans, apr�s 65 ans � faire tous les 10 ans;0,932400932;-8,334498834;48
Febra Galbena;Stamaril;Valable � vie;0,680652681;-8,649184149;48
Encefalita Japoneza;Ixiaro;Deux doses (0 et 28 jours), puis 2 ans, puis 10 ans;0,428904429;-8,963869464;48
HEP A;Avaxim;3 puis apr�s 12 ou 36 mois, puis 10 ans;0,177156177;-9,278554779;48
Typhoide;Typherix/Typhim;valable 3 ans ou a faire avant d�part;-0,074592075;-9,593240093;48
DIPHTERIE - TETANOS - POLIOMYELITE;"REVAXIS
DULTAVAX (RO)";DIPHTERIE - valable 20 ans, apr�s 65 ans � faire tous les 10 ans;-0,326340326;-9,907925408;48
DIPHTERIE - TETANOS - POLIOMYELITE;"REVAXIS
DULTAVAX (RO)";DIPHTERIE - valable 20 ans, apr�s 65 ans � faire tous les 10 ans;-0,578088578;-10,22261072;48
Febra Galbena;Stamaril;Valable � vie;-0,82983683;-10,53729604;48
Encefalita Japoneza;Ixiaro;Deux doses (0 et 28 jours), puis 2 ans, puis 10 ans;-1,081585082;-10,85198135;48
HEP A;Avaxim;4 puis apr�s 12 ou 36 mois, puis 10 ans;-1,333333333;-11,16666667;48
Febra Galbena;Stamaril;Valable � vie;-1,585081585;-11,48135198;48
Encefalita Japoneza;Ixiaro;Deux doses (0 et 28 jours), puis 2 ans, puis 10 ans;-1,836829837;-11,7960373;48
HEP A;Avaxim;2 puis apr�s 12 ou 36 mois, puis 10 ans;-2,088578089;-12,11072261;48
Typhoide;Typherix/Typhim;valable 3 ans ou a faire avant d�part;-2,34032634;-12,42540793;48
DIPHTERIE - TETANOS - POLIOMYELITE;"REVAXIS
DULTAVAX (RO)";DIPHTERIE - valable 20 ans, apr�s 65 ans � faire tous les 10 ans;-2,592074592;-12,74009324;48
DIPHTERIE - TETANOS - POLIOMYELITE;"REVAXIS
DULTAVAX (RO)";DIPHTERIE - valable 20 ans, apr�s 65 ans � faire tous les 10 ans;-2,843822844;-13,05477855;48
Febra Galbena;Stamaril;Valable � vie;-3,095571096;-13,36946387;48
Encefalita Japoneza;Ixiaro;Deux doses (0 et 28 jours), puis 2 ans, puis 10 ans;-3,347319347;-13,68414918;48
HEP A;Avaxim;2 puis apr�s 12 ou 36 mois, puis 10 ans;-3,599067599;-13,9988345;48
Typhoide;Typherix/Typhim;valable 3 ans ou a faire avant d�part;-3,850815851;-14,31351981;48
DIPHTERIE - TETANOS - POLIOMYELITE;"REVAXIS
DULTAVAX (RO)";DIPHTERIE - valable 20 ans, apr�s 65 ans � faire tous les 10 ans;-4,102564103;-14,62820513;48
DIPHTERIE - TETANOS - POLIOMYELITE;"REVAXIS
DULTAVAX (RO)";DIPHTERIE - valable 20 ans, apr�s 65 ans � faire tous les 10 ans;-4,354312354;-14,94289044;48
Febra Galbena;Stamaril;Valable � vie;-4,606060606;-15,25757576;48
Encefalita Japoneza;Ixiaro;Deux doses (0 et 28 jours), puis 2 ans, puis 10 ans;-4,857808858;-15,57226107;48
HEP A;Avaxim;3 puis apr�s 12 ou 36 mois, puis 10 ans;-5,10955711;-15,88694639;48
Typhoide;Typherix/Typhim;valable 3 ans ou a faire avant d�part;-5,361305361;-16,2016317;48
DIPHTERIE - TETANOS - POLIOMYELITE;"REVAXIS
DULTAVAX (RO)";DIPHTERIE - valable 20 ans, apr�s 65 ans � faire tous les 10 ans;-5,613053613;-16,51631702;48
DIPHTERIE - TETANOS - POLIOMYELITE;"REVAXIS
DULTAVAX (RO)";DIPHTERIE - valable 20 ans, apr�s 65 ans � faire tous les 10 ans;-5,864801865;-16,83100233;48
Febra Galbena;Stamaril;Valable � vie;-6,116550117;-17,14568765;48
Encefalita Japoneza;Ixiaro;Deux doses (0 et 28 jours), puis 2 ans, puis 10 ans;-6,368298368;-17,46037296;48
HEP A;Avaxim;3 puis apr�s 12 ou 36 mois, puis 10 ans;-6,62004662;-17,77505828;48
Typhoide;Typherix/Typhim;valable 3 ans ou a faire avant d�part;-6,871794872;-18,08974359;48
DIPHTERIE - TETANOS - POLIOMYELITE;"REVAXIS
DULTAVAX (RO)";DIPHTERIE - valable 20 ans, apr�s 65 ans � faire tous les 10 ans;-7,123543124;-18,4044289;48
DIPHTERIE - TETANOS - POLIOMYELITE;"REVAXIS
DULTAVAX (RO)";DIPHTERIE - valable 20 ans, apr�s 65 ans � faire tous les 10 ans;-7,375291375;-18,71911422;48
Febra Galbena;Stamaril;Valable � vie;-7,627039627;-19,03379953;48
Encefalita Japoneza;Ixiaro;Deux doses (0 et 28 jours), puis 2 ans, puis 10 ans;-7,878787879;-19,34848485;48
HEP A;Avaxim;4 puis apr�s 12 ou 36 mois, puis 10 ans;-8,130536131;-19,66317016;48
Typhoide;Typherix/Typhim;valable 3 ans ou a faire avant d�part;-8,382284382;-19,97785548;48
DIPHTERIE - TETANOS - POLIOMYELITE;"REVAXIS
DULTAVAX (RO)";DIPHTERIE - valable 20 ans, apr�s 65 ans � faire tous les 10 ans;-8,634032634;-20,29254079;48
DIPHTERIE - TETANOS - POLIOMYELITE;"REVAXIS
DULTAVAX (RO)";DIPHTERIE - valable 20 ans, apr�s 65 ans � faire tous les 10 ans;-8,885780886;-20,60722611;48
Febra Galbena;Stamaril;Valable � vie;-9,137529138;-20,92191142;48
Encefalita Japoneza;Ixiaro;Deux doses (0 et 28 jours), puis 2 ans, puis 10 ans;-9,389277389;-21,23659674;48
HEP A;Avaxim;4 puis apr�s 12 ou 36 mois, puis 10 ans;-9,641025641;-21,55128205;48
Typhoide;Typherix/Typhim;valable 3 ans ou a faire avant d�part;-9,892773893;-21,86596737;48
DIPHTERIE - TETANOS - POLIOMYELITE;"REVAXIS
DULTAVAX (RO)";DIPHTERIE - valable 20 ans, apr�s 65 ans � faire tous les 10 ans;-10,14452214;-22,18065268;48
DIPHTERIE - TETANOS - POLIOMYELITE;"REVAXIS
DULTAVAX (RO)";DIPHTERIE - valable 20 ans, apr�s 65 ans � faire tous les 10 ans;-10,3962704;-22,495338;48
Febra Galbena;Stamaril;Valable � vie;-10,64801865;-22,81002331;48
Encefalita Japoneza;Ixiaro;Deux doses (0 et 28 jours), puis 2 ans, puis 10 ans;-10,8997669;-23,12470862;48
HEP A;Avaxim;5 puis apr�s 12 ou 36 mois, puis 10 ans;-11,15151515;-23,43939394;48
Febra Galbena;Stamaril;Valable � vie;-11,4032634;-23,75407925;48
Encefalita Japoneza;Ixiaro;Deux doses (0 et 28 jours), puis 2 ans, puis 10 ans;-11,65501166;-24,06876457;48
HEP A;Avaxim;3 puis apr�s 12 ou 36 mois, puis 10 ans;-11,90675991;-24,38344988;48
Typhoide;Typherix/Typhim;valable 3 ans ou a faire avant d�part;-12,15850816;-24,6981352;48
DIPHTERIE - TETANOS - POLIOMYELITE;"REVAXIS
DULTAVAX (RO)";DIPHTERIE - valable 20 ans, apr�s 65 ans � faire tous les 10 ans;-12,41025641;-25,01282051;48
DIPHTERIE - TETANOS - POLIOMYELITE;"REVAXIS
DULTAVAX (RO)";DIPHTERIE - valable 20 ans, apr�s 65 ans � faire tous les 10 ans;-12,66200466;-25,32750583;48
Febra Galbena;Stamaril;Valable � vie;-12,91375291;-25,64219114;48
Encefalita Japoneza;Ixiaro;Deux doses (0 et 28 jours), puis 2 ans, puis 10 ans;-13,16550117;-25,95687646;48
HEP A;Avaxim;3 puis apr�s 12 ou 36 mois, puis 10 ans;-13,41724942;-26,27156177;48
Typhoide;Typherix/Typhim;valable 3 ans ou a faire avant d�part;-13,66899767;-26,58624709;48
DIPHTERIE - TETANOS - POLIOMYELITE;"REVAXIS
DULTAVAX (RO)";DIPHTERIE - valable 20 ans, apr�s 65 ans � faire tous les 10 ans;-13,92074592;-26,9009324;48
DIPHTERIE - TETANOS - POLIOMYELITE;"REVAXIS
DULTAVAX (RO)";DIPHTERIE - valable 20 ans, apr�s 65 ans � faire tous les 10 ans;-14,17249417;-27,21561772;48
Febra Galbena;Stamaril;Valable � vie;-14,42424242;-27,53030303;48
Encefalita Japoneza;Ixiaro;Deux doses (0 et 28 jours), puis 2 ans, puis 10 ans;-14,67599068;-27,84498834;48
HEP A;Avaxim;4 puis apr�s 12 ou 36 mois, puis 10 ans;-14,92773893;-28,15967366;48
Typhoide;Typherix/Typhim;valable 3 ans ou a faire avant d�part;-15,17948718;-28,47435897;48
DIPHTERIE - TETANOS - POLIOMYELITE;"REVAXIS
DULTAVAX (RO)";DIPHTERIE - valable 20 ans, apr�s 65 ans � faire tous les 10 ans;-15,43123543;-28,78904429;48
DIPHTERIE - TETANOS - POLIOMYELITE;"REVAXIS
DULTAVAX (RO)";DIPHTERIE - valable 20 ans, apr�s 65 ans � faire tous les 10 ans;-15,68298368;-29,1037296;48
Febra Galbena;Stamaril;Valable � vie;-15,93473193;-29,41841492;48
Encefalita Japoneza;Ixiaro;Deux doses (0 et 28 jours), puis 2 ans, puis 10 ans;-16,18648019;-29,73310023;48
HEP A;Avaxim;4 puis apr�s 12 ou 36 mois, puis 10 ans;-16,43822844;-30,04778555;48
Typhoide;Typherix/Typhim;valable 3 ans ou a faire avant d�part;-16,68997669;-30,36247086;48
DIPHTERIE - TETANOS - POLIOMYELITE;"REVAXIS
DULTAVAX (RO)";DIPHTERIE - valable 20 ans, apr�s 65 ans � faire tous les 10 ans;-16,94172494;-30,67715618;48
DIPHTERIE - TETANOS - POLIOMYELITE;"REVAXIS
DULTAVAX (RO)";DIPHTERIE - valable 20 ans, apr�s 65 ans � faire tous les 10 ans;-17,19347319;-30,99184149;48
Febra Galbena;Stamaril;Valable � vie;-17,44522145;-31,30652681;48
Encefalita Japoneza;Ixiaro;Deux doses (0 et 28 jours), puis 2 ans, puis 10 ans;-17,6969697;-31,62121212;48
HEP A;Avaxim;5 puis apr�s 12 ou 36 mois, puis 10 ans;-17,94871795;-31,93589744;48
Typhoide;Typherix/Typhim;valable 3 ans ou a faire avant d�part;-18,2004662;-32,25058275;48
DIPHTERIE - TETANOS - POLIOMYELITE;"REVAXIS
DULTAVAX (RO)";DIPHTERIE - valable 20 ans, apr�s 65 ans � faire tous les 10 ans;-18,45221445;-32,56526807;48
DIPHTERIE - TETANOS - POLIOMYELITE;"REVAXIS
DULTAVAX (RO)";DIPHTERIE - valable 20 ans, apr�s 65 ans � faire tous les 10 ans;-18,7039627;-32,87995338;48
Febra Galbena;Stamaril;Valable � vie;-18,95571096;-33,19463869;48
Encefalita Japoneza;Ixiaro;Deux doses (0 et 28 jours), puis 2 ans, puis 10 ans;-19,20745921;-33,50932401;48
HEP A;Avaxim;5 puis apr�s 12 ou 36 mois, puis 10 ans;-19,45920746;-33,82400932;48
Typhoide;Typherix/Typhim;valable 3 ans ou a faire avant d�part;-19,71095571;-34,13869464;48
DIPHTERIE - TETANOS - POLIOMYELITE;"REVAXIS
DULTAVAX (RO)";DIPHTERIE - valable 20 ans, apr�s 65 ans � faire tous les 10 ans;-19,96270396;-34,45337995;48
DIPHTERIE - TETANOS - POLIOMYELITE;"REVAXIS
DULTAVAX (RO)";DIPHTERIE - valable 20 ans, apr�s 65 ans � faire tous les 10 ans;-20,21445221;-34,76806527;48
Febra Galbena;Stamaril;Valable � vie;-20,46620047;-35,08275058;48
Encefalita Japoneza;Ixiaro;Deux doses (0 et 28 jours), puis 2 ans, puis 10 ans;-20,71794872;-35,3974359;48
HEP A;Avaxim;6 puis apr�s 12 ou 36 mois, puis 10 ans;-20,96969697;-35,71212121;48
Febra Galbena;Stamaril;Valable � vie;-21,22144522;-36,02680653;48
Encefalita Japoneza;Ixiaro;Deux doses (0 et 28 jours), puis 2 ans, puis 10 ans;-21,47319347;-36,34149184;48
HEP A;Avaxim;4 puis apr�s 12 ou 36 mois, puis 10 ans;-21,72494172;-36,65617716;48
Typhoide;Typherix/Typhim;valable 3 ans ou a faire avant d�part;-21,97668998;-36,97086247;48
DIPHTERIE - TETANOS - POLIOMYELITE;"REVAXIS
DULTAVAX (RO)";DIPHTERIE - valable 20 ans, apr�s 65 ans � faire tous les 10 ans;-22,22843823;-37,28554779;48
DIPHTERIE - TETANOS - POLIOMYELITE;"REVAXIS
DULTAVAX (RO)";DIPHTERIE - valable 20 ans, apr�s 65 ans � faire tous les 10 ans;-22,48018648;-37,6002331;48
Febra Galbena;Stamaril;Valable � vie;-22,73193473;-37,91491841;48
Encefalita Japoneza;Ixiaro;Deux doses (0 et 28 jours), puis 2 ans, puis 10 ans;-22,98368298;-38,22960373;48
HEP A;Avaxim;4 puis apr�s 12 ou 36 mois, puis 10 ans;-23,23543124;-38,54428904;48
Typhoide;Typherix/Typhim;valable 3 ans ou a faire avant d�part;-23,48717949;-38,85897436;48
DIPHTERIE - TETANOS - POLIOMYELITE;"REVAXIS
DULTAVAX (RO)";DIPHTERIE - valable 20 ans, apr�s 65 ans � faire tous les 10 ans;-23,73892774;-39,17365967;48
DIPHTERIE - TETANOS - POLIOMYELITE;"REVAXIS
DULTAVAX (RO)";DIPHTERIE - valable 20 ans, apr�s 65 ans � faire tous les 10 ans;-23,99067599;-39,48834499;48
Febra Galbena;Stamaril;Valable � vie;-24,24242424;-39,8030303;48
Encefalita Japoneza;Ixiaro;Deux doses (0 et 28 jours), puis 2 ans, puis 10 ans;-24,49417249;-40,11771562;48
HEP A;Avaxim;5 puis apr�s 12 ou 36 mois, puis 10 ans;-24,74592075;-40,43240093;48
Typhoide;Typherix/Typhim;valable 3 ans ou a faire avant d�part;-24,997669;-40,74708625;48
DIPHTERIE - TETANOS - POLIOMYELITE;"REVAXIS
DULTAVAX (RO)";DIPHTERIE - valable 20 ans, apr�s 65 ans � faire tous les 10 ans;-25,24941725;-41,06177156;48
DIPHTERIE - TETANOS - POLIOMYELITE;"REVAXIS
DULTAVAX (RO)";DIPHTERIE - valable 20 ans, apr�s 65 ans � faire tous les 10 ans;-25,5011655;-41,37645688;48
Febra Galbena;Stamaril;Valable � vie;-25,75291375;-41,69114219;48
Encefalita Japoneza;Ixiaro;Deux doses (0 et 28 jours), puis 2 ans, puis 10 ans;-26,004662;-42,00582751;48
HEP A;Avaxim;5 puis apr�s 12 ou 36 mois, puis 10 ans;-26,25641026;-42,32051282;48
Typhoide;Typherix/Typhim;valable 3 ans ou a faire avant d�part;-26,50815851;-42,63519814;48
DIPHTERIE - TETANOS - POLIOMYELITE;"REVAXIS
DULTAVAX (RO)";DIPHTERIE - valable 20 ans, apr�s 65 ans � faire tous les 10 ans;-26,75990676;-42,94988345;48
DIPHTERIE - TETANOS - POLIOMYELITE;"REVAXIS
DULTAVAX (RO)";DIPHTERIE - valable 20 ans, apr�s 65 ans � faire tous les 10 ans;-27,01165501;-43,26456876;48
Febra Galbena;Stamaril;Valable � vie;-27,26340326;-43,57925408;48
Encefalita Japoneza;Ixiaro;Deux doses (0 et 28 jours), puis 2 ans, puis 10 ans;-27,51515152;-43,89393939;48
HEP A;Avaxim;6 puis apr�s 12 ou 36 mois, puis 10 ans;-27,76689977;-44,20862471;48
Typhoide;Typherix/Typhim;valable 3 ans ou a faire avant d�part;-28,01864802;-44,52331002;48
DIPHTERIE - TETANOS - POLIOMYELITE;"REVAXIS
DULTAVAX (RO)";DIPHTERIE - valable 20 ans, apr�s 65 ans � faire tous les 10 ans;-28,27039627;-44,83799534;48
DIPHTERIE - TETANOS - POLIOMYELITE;"REVAXIS
DULTAVAX (RO)";DIPHTERIE - valable 20 ans, apr�s 65 ans � faire tous les 10 ans;-28,52214452;-45,15268065;48
Febra Galbena;Stamaril;Valable � vie;-28,77389277;-45,46736597;48
Encefalita Japoneza;Ixiaro;Deux doses (0 et 28 jours), puis 2 ans, puis 10 ans;-29,02564103;-45,78205128;48
HEP A;Avaxim;6 puis apr�s 12 ou 36 mois, puis 10 ans;-29,27738928;-46,0967366;48
Typhoide;Typherix/Typhim;valable 3 ans ou a faire avant d�part;-29,52913753;-46,41142191;48
DIPHTERIE - TETANOS - POLIOMYELITE;"REVAXIS
DULTAVAX (RO)";DIPHTERIE - valable 20 ans, apr�s 65 ans � faire tous les 10 ans;-29,78088578;-46,72610723;48
DIPHTERIE - TETANOS - POLIOMYELITE;"REVAXIS
DULTAVAX (RO)";DIPHTERIE - valable 20 ans, apr�s 65 ans � faire tous les 10 ans;-30,03263403;-47,04079254;48
Febra Galbena;Stamaril;Valable � vie;-30,28438228;-47,35547786;48
Encefalita Japoneza;Ixiaro;Deux doses (0 et 28 jours), puis 2 ans, puis 10 ans;-30,53613054;-47,67016317;48
HEP A;Avaxim;7 puis apr�s 12 ou 36 mois, puis 10 ans;-30,78787879;-47,98484848;48
Febra Galbena;Stamaril;Valable � vie;-31,03962704;-48,2995338;48
Encefalita Japoneza;Ixiaro;Deux doses (0 et 28 jours), puis 2 ans, puis 10 ans;-31,29137529;-48,61421911;48
HEP A;Avaxim;5 puis apr�s 12 ou 36 mois, puis 10 ans;-31,54312354;-48,92890443;48
Typhoide;Typherix/Typhim;valable 3 ans ou a faire avant d�part;-31,79487179;-49,24358974;48
DIPHTERIE - TETANOS - POLIOMYELITE;"REVAXIS
DULTAVAX (RO)";DIPHTERIE - valable 20 ans, apr�s 65 ans � faire tous les 10 ans;-32,04662005;-49,55827506;48
DIPHTERIE - TETANOS - POLIOMYELITE;"REVAXIS
DULTAVAX (RO)";DIPHTERIE - valable 20 ans, apr�s 65 ans � faire tous les 10 ans;-32,2983683;-49,87296037;48
Febra Galbena;Stamaril;Valable � vie;-32,55011655;-50,18764569;48
Encefalita Japoneza;Ixiaro;Deux doses (0 et 28 jours), puis 2 ans, puis 10 ans;-32,8018648;-50,502331;48
HEP A;Avaxim;5 puis apr�s 12 ou 36 mois, puis 10 ans;-33,05361305;-50,81701632;48
Typhoide;Typherix/Typhim;valable 3 ans ou a faire avant d�part;-33,30536131;-51,13170163;48
DIPHTERIE - TETANOS - POLIOMYELITE;"REVAXIS
DULTAVAX (RO)";DIPHTERIE - valable 20 ans, apr�s 65 ans � faire tous les 10 ans;-33,55710956;-51,44638695;48
DIPHTERIE - TETANOS - POLIOMYELITE;"REVAXIS
DULTAVAX (RO)";DIPHTERIE - valable 20 ans, apr�s 65 ans � faire tous les 10 ans;-33,80885781;-51,76107226;48
Febra Galbena;Stamaril;Valable � vie;-34,06060606;-52,07575758;48
Encefalita Japoneza;Ixiaro;Deux doses (0 et 28 jours), puis 2 ans, puis 10 ans;-34,31235431;-52,39044289;48
HEP A;Avaxim;6 puis apr�s 12 ou 36 mois, puis 10 ans;-34,56410256;-52,70512821;48
Typhoide;Typherix/Typhim;valable 3 ans ou a faire avant d�part;-34,81585082;-53,01981352;48
DIPHTERIE - TETANOS - POLIOMYELITE;"REVAXIS
DULTAVAX (RO)";DIPHTERIE - valable 20 ans, apr�s 65 ans � faire tous les 10 ans;-35,06759907;-53,33449883;48
DIPHTERIE - TETANOS - POLIOMYELITE;"REVAXIS
DULTAVAX (RO)";DIPHTERIE - valable 20 ans, apr�s 65 ans � faire tous les 10 ans;-35,31934732;-53,64918415;48
Febra Galbena;Stamaril;Valable � vie;-35,57109557;-53,96386946;48
Encefalita Japoneza;Ixiaro;Deux doses (0 et 28 jours), puis 2 ans, puis 10 ans;-35,82284382;-54,27855478;48
HEP A;Avaxim;6 puis apr�s 12 ou 36 mois, puis 10 ans;-36,07459207;-54,59324009;48
Typhoide;Typherix/Typhim;valable 3 ans ou a faire avant d�part;-36,32634033;-54,90792541;48
DIPHTERIE - TETANOS - POLIOMYELITE;"REVAXIS
DULTAVAX (RO)";DIPHTERIE - valable 20 ans, apr�s 65 ans � faire tous les 10 ans;-36,57808858;-55,22261072;48
DIPHTERIE - TETANOS - POLIOMYELITE;"REVAXIS
DULTAVAX (RO)";DIPHTERIE - valable 20 ans, apr�s 65 ans � faire tous les 10 ans;-36,82983683;-55,53729604;48
Febra Galbena;Stamaril;Valable � vie;-37,08158508;-55,85198135;48
Encefalita Japoneza;Ixiaro;Deux doses (0 et 28 jours), puis 2 ans, puis 10 ans;-37,33333333;-56,16666667;48
HEP A;Avaxim;7 puis apr�s 12 ou 36 mois, puis 10 ans;-37,58508159;-56,48135198;48
Typhoide;Typherix/Typhim;valable 3 ans ou a faire avant d�part;-37,83682984;-56,7960373;48
DIPHTERIE - TETANOS - POLIOMYELITE;"REVAXIS
DULTAVAX (RO)";DIPHTERIE - valable 20 ans, apr�s 65 ans � faire tous les 10 ans;-38,08857809;-57,11072261;48
DIPHTERIE - TETANOS - POLIOMYELITE;"REVAXIS
DULTAVAX (RO)";DIPHTERIE - valable 20 ans, apr�s 65 ans � faire tous les 10 ans;-38,34032634;-57,42540793;48
Febra Galbena;Stamaril;Valable � vie;-38,59207459;-57,74009324;48
Encefalita Japoneza;Ixiaro;Deux doses (0 et 28 jours), puis 2 ans, puis 10 ans;-38,84382284;-58,05477855;48
HEP A;Avaxim;7 puis apr�s 12 ou 36 mois, puis 10 ans;-39,0955711;-58,36946387;48
Typhoide;Typherix/Typhim;valable 3 ans ou a faire avant d�part;-39,34731935;-58,68414918;48
DIPHTERIE - TETANOS - POLIOMYELITE;"REVAXIS
DULTAVAX (RO)";DIPHTERIE - valable 20 ans, apr�s 65 ans � faire tous les 10 ans;-39,5990676;-58,9988345;48
DIPHTERIE - TETANOS - POLIOMYELITE;"REVAXIS
DULTAVAX (RO)";DIPHTERIE - valable 20 ans, apr�s 65 ans � faire tous les 10 ans;-39,85081585;-59,31351981;48
Febra Galbena;Stamaril;Valable � vie;-40,1025641;-59,62820513;48
Encefalita Japoneza;Ixiaro;Deux doses (0 et 28 jours), puis 2 ans, puis 10 ans;-40,35431235;-59,94289044;48
HEP A;Avaxim;8 puis apr�s 12 ou 36 mois, puis 10 ans;-40,60606061;-60,25757576;48
Febra Galbena;Stamaril;Valable � vie;-40,85780886;-60,57226107;48
Encefalita Japoneza;Ixiaro;Deux doses (0 et 28 jours), puis 2 ans, puis 10 ans;-41,10955711;-60,88694639;48
HEP A;Avaxim;6 puis apr�s 12 ou 36 mois, puis 10 ans;-41,36130536;-61,2016317;48
Typhoide;Typherix/Typhim;valable 3 ans ou a faire avant d�part;-41,61305361;-61,51631702;48
DIPHTERIE - TETANOS - POLIOMYELITE;"REVAXIS
DULTAVAX (RO)";DIPHTERIE - valable 20 ans, apr�s 65 ans � faire tous les 10 ans;-41,86480186;-61,83100233;48
DIPHTERIE - TETANOS - POLIOMYELITE;"REVAXIS
DULTAVAX (RO)";DIPHTERIE - valable 20 ans, apr�s 65 ans � faire tous les 10 ans;-42,11655012;-62,14568765;48
Febra Galbena;Stamaril;Valable � vie;-42,36829837;-62,46037296;48
Encefalita Japoneza;Ixiaro;Deux doses (0 et 28 jours), puis 2 ans, puis 10 ans;-42,62004662;-62,77505828;48
HEP A;Avaxim;6 puis apr�s 12 ou 36 mois, puis 10 ans;-42,87179487;-63,08974359;48
Typhoide;Typherix/Typhim;valable 3 ans ou a faire avant d�part;-43,12354312;-63,4044289;48
DIPHTERIE - TETANOS - POLIOMYELITE;"REVAXIS
DULTAVAX (RO)";DIPHTERIE - valable 20 ans, apr�s 65 ans � faire tous les 10 ans;-43,37529138;-63,71911422;48
DIPHTERIE - TETANOS - POLIOMYELITE;"REVAXIS
DULTAVAX (RO)";DIPHTERIE - valable 20 ans, apr�s 65 ans � faire tous les 10 ans;-43,62703963;-64,03379953;48
Febra Galbena;Stamaril;Valable � vie;-43,87878788;-64,34848485;48
Encefalita Japoneza;Ixiaro;Deux doses (0 et 28 jours), puis 2 ans, puis 10 ans;-44,13053613;-64,66317016;48
HEP A;Avaxim;7 puis apr�s 12 ou 36 mois, puis 10 ans;-44,38228438;-64,97785548;48
Typhoide;Typherix/Typhim;valable 3 ans ou a faire avant d�part;-44,63403263;-65,29254079;48
DIPHTERIE - TETANOS - POLIOMYELITE;"REVAXIS
DULTAVAX (RO)";DIPHTERIE - valable 20 ans, apr�s 65 ans � faire tous les 10 ans;-44,88578089;-65,60722611;48
DIPHTERIE - TETANOS - POLIOMYELITE;"REVAXIS
DULTAVAX (RO)";DIPHTERIE - valable 20 ans, apr�s 65 ans � faire tous les 10 ans;-45,13752914;-65,92191142;48
Febra Galbena;Stamaril;Valable � vie;-45,38927739;-66,23659674;48
Encefalita Japoneza;Ixiaro;Deux doses (0 et 28 jours), puis 2 ans, puis 10 ans;-45,64102564;-66,55128205;48
HEP A;Avaxim;7 puis apr�s 12 ou 36 mois, puis 10 ans;-45,89277389;-66,86596737;48
Typhoide;Typherix/Typhim;valable 3 ans ou a faire avant d�part;-46,14452214;-67,18065268;48
DIPHTERIE - TETANOS - POLIOMYELITE;"REVAXIS
DULTAVAX (RO)";DIPHTERIE - valable 20 ans, apr�s 65 ans � faire tous les 10 ans;-46,3962704;-67,495338;48
DIPHTERIE - TETANOS - POLIOMYELITE;"REVAXIS
DULTAVAX (RO)";DIPHTERIE - valable 20 ans, apr�s 65 ans � faire tous les 10 ans;-46,64801865;-67,81002331;48
Febra Galbena;Stamaril;Valable � vie;-46,8997669;-68,12470862;48
Encefalita Japoneza;Ixiaro;Deux doses (0 et 28 jours), puis 2 ans, puis 10 ans;-47,15151515;-68,43939394;48
HEP A;Avaxim;8 puis apr�s 12 ou 36 mois, puis 10 ans;-47,4032634;-68,75407925;48
Typhoide;Typherix/Typhim;valable 3 ans ou a faire avant d�part;-47,65501166;-69,06876457;48
DIPHTERIE - TETANOS - POLIOMYELITE;"REVAXIS
DULTAVAX (RO)";DIPHTERIE - valable 20 ans, apr�s 65 ans � faire tous les 10 ans;-47,90675991;-69,38344988;48
DIPHTERIE - TETANOS - POLIOMYELITE;"REVAXIS
DULTAVAX (RO)";DIPHTERIE - valable 20 ans, apr�s 65 ans � faire tous les 10 ans;-48,15850816;-69,6981352;48
Febra Galbena;Stamaril;Valable � vie;-48,41025641;-70,01282051;48
Encefalita Japoneza;Ixiaro;Deux doses (0 et 28 jours), puis 2 ans, puis 10 ans;-48,66200466;-70,32750583;48
HEP A;Avaxim;8 puis apr�s 12 ou 36 mois, puis 10 ans;-48,91375291;-70,64219114;48
Typhoide;Typherix/Typhim;valable 3 ans ou a faire avant d�part;-49,16550117;-70,95687646;48
DIPHTERIE - TETANOS - POLIOMYELITE;"REVAXIS
DULTAVAX (RO)";DIPHTERIE - valable 20 ans, apr�s 65 ans � faire tous les 10 ans;-49,41724942;-71,27156177;48
DIPHTERIE - TETANOS - POLIOMYELITE;"REVAXIS
DULTAVAX (RO)";DIPHTERIE - valable 20 ans, apr�s 65 ans � faire tous les 10 ans;-49,66899767;-71,58624709;48
Febra Galbena;Stamaril;Valable � vie;-49,92074592;-71,9009324;48
Encefalita Japoneza;Ixiaro;Deux doses (0 et 28 jours), puis 2 ans, puis 10 ans;-50,17249417;-72,21561772;48
HEP A;Avaxim;9 puis apr�s 12 ou 36 mois, puis 10 ans;-50,42424242;-72,53030303;48
Febra Galbena;Stamaril;Valable � vie;-50,67599068;-72,84498834;48
Encefalita Japoneza;Ixiaro;Deux doses (0 et 28 jours), puis 2 ans, puis 10 ans;-50,92773893;-73,15967366;48
HEP A;Avaxim;7 puis apr�s 12 ou 36 mois, puis 10 ans;-51,17948718;-73,47435897;48
Typhoide;Typherix/Typhim;valable 3 ans ou a faire avant d�part;-51,43123543;-73,78904429;48
DIPHTERIE - TETANOS - POLIOMYELITE;"REVAXIS
DULTAVAX (RO)";DIPHTERIE - valable 20 ans, apr�s 65 ans � faire tous les 10 ans;-51,68298368;-74,1037296;48
DIPHTERIE - TETANOS - POLIOMYELITE;"REVAXIS
DULTAVAX (RO)";DIPHTERIE - valable 20 ans, apr�s 65 ans � faire tous les 10 ans;-51,93473193;-74,41841492;48
Febra Galbena;Stamaril;Valable � vie;-52,18648019;-74,73310023;48
Encefalita Japoneza;Ixiaro;Deux doses (0 et 28 jours), puis 2 ans, puis 10 ans;-52,43822844;-75,04778555;48
HEP A;Avaxim;7 puis apr�s 12 ou 36 mois, puis 10 ans;-52,68997669;-75,36247086;48
Typhoide;Typherix/Typhim;valable 3 ans ou a faire avant d�part;-52,94172494;-75,67715618;48
DIPHTERIE - TETANOS - POLIOMYELITE;"REVAXIS
DULTAVAX (RO)";DIPHTERIE - valable 20 ans, apr�s 65 ans � faire tous les 10 ans;-53,19347319;-75,99184149;48
DIPHTERIE - TETANOS - POLIOMYELITE;"REVAXIS
DULTAVAX (RO)";DIPHTERIE - valable 20 ans, apr�s 65 ans � faire tous les 10 ans;-53,44522145;-76,30652681;48
Febra Galbena;Stamaril;Valable � vie;-53,6969697;-76,62121212;48
Encefalita Japoneza;Ixiaro;Deux doses (0 et 28 jours), puis 2 ans, puis 10 ans;-53,94871795;-76,93589744;48
HEP A;Avaxim;8 puis apr�s 12 ou 36 mois, puis 10 ans;-54,2004662;-77,25058275;48
Typhoide;Typherix/Typhim;valable 3 ans ou a faire avant d�part;-54,45221445;-77,56526807;48
DIPHTERIE - TETANOS - POLIOMYELITE;"REVAXIS
DULTAVAX (RO)";DIPHTERIE - valable 20 ans, apr�s 65 ans � faire tous les 10 ans;-54,7039627;-77,87995338;48
DIPHTERIE - TETANOS - POLIOMYELITE;"REVAXIS
DULTAVAX (RO)";DIPHTERIE - valable 20 ans, apr�s 65 ans � faire tous les 10 ans;-54,95571096;-78,19463869;48
Febra Galbena;Stamaril;Valable � vie;-55,20745921;-78,50932401;48
Encefalita Japoneza;Ixiaro;Deux doses (0 et 28 jours), puis 2 ans, puis 10 ans;-55,45920746;-78,82400932;48
HEP A;Avaxim;8 puis apr�s 12 ou 36 mois, puis 10 ans;-55,71095571;-79,13869464;48
Typhoide;Typherix/Typhim;valable 3 ans ou a faire avant d�part;-55,96270396;-79,45337995;48
DIPHTERIE - TETANOS - POLIOMYELITE;"REVAXIS
DULTAVAX (RO)";DIPHTERIE - valable 20 ans, apr�s 65 ans � faire tous les 10 ans;-56,21445221;-79,76806527;48
DIPHTERIE - TETANOS - POLIOMYELITE;"REVAXIS
DULTAVAX (RO)";DIPHTERIE - valable 20 ans, apr�s 65 ans � faire tous les 10 ans;-56,46620047;-80,08275058;48
Febra Galbena;Stamaril;Valable � vie;-56,71794872;-80,3974359;48
Encefalita Japoneza;Ixiaro;Deux doses (0 et 28 jours), puis 2 ans, puis 10 ans;-56,96969697;-80,71212121;48
HEP A;Avaxim;9 puis apr�s 12 ou 36 mois, puis 10 ans;-57,22144522;-81,02680653;48
Typhoide;Typherix/Typhim;valable 3 ans ou a faire avant d�part;-57,47319347;-81,34149184;48
DIPHTERIE - TETANOS - POLIOMYELITE;"REVAXIS
DULTAVAX (RO)";DIPHTERIE - valable 20 ans, apr�s 65 ans � faire tous les 10 ans;-57,72494172;-81,65617716;48
DIPHTERIE - TETANOS - POLIOMYELITE;"REVAXIS
DULTAVAX (RO)";DIPHTERIE - valable 20 ans, apr�s 65 ans � faire tous les 10 ans;-57,97668998;-81,97086247;48
Febra Galbena;Stamaril;Valable � vie;-58,22843823;-82,28554779;48
Encefalita Japoneza;Ixiaro;Deux doses (0 et 28 jours), puis 2 ans, puis 10 ans;-58,48018648;-82,6002331;48
HEP A;Avaxim;9 puis apr�s 12 ou 36 mois, puis 10 ans;-58,73193473;-82,91491841;48
Typhoide;Typherix/Typhim;valable 3 ans ou a faire avant d�part;-58,98368298;-83,22960373;48
DIPHTERIE - TETANOS - POLIOMYELITE;"REVAXIS
DULTAVAX (RO)";DIPHTERIE - valable 20 ans, apr�s 65 ans � faire tous les 10 ans;-59,23543124;-83,54428904;48
DIPHTERIE - TETANOS - POLIOMYELITE;"REVAXIS
DULTAVAX (RO)";DIPHTERIE - valable 20 ans, apr�s 65 ans � faire tous les 10 ans;-59,48717949;-83,85897436;48
Febra Galbena;Stamaril;Valable � vie;-59,73892774;-84,17365967;48
Encefalita Japoneza;Ixiaro;Deux doses (0 et 28 jours), puis 2 ans, puis 10 ans;-59,99067599;-84,48834499;48
HEP A;Avaxim;10 puis apr�s 12 ou 36 mois, puis 10 ans;-60,24242424;-84,8030303;48
Febra Galbena;Stamaril;Valable � vie;-60,49417249;-85,11771562;48
Encefalita Japoneza;Ixiaro;Deux doses (0 et 28 jours), puis 2 ans, puis 10 ans;-60,74592075;-85,43240093;48
HEP A;Avaxim;8 puis apr�s 12 ou 36 mois, puis 10 ans;-60,997669;-85,74708625;48
Typhoide;Typherix/Typhim;valable 3 ans ou a faire avant d�part;-61,24941725;-86,06177156;48
DIPHTERIE - TETANOS - POLIOMYELITE;"REVAXIS
DULTAVAX (RO)";DIPHTERIE - valable 20 ans, apr�s 65 ans � faire tous les 10 ans;-61,5011655;-86,37645688;48
DIPHTERIE - TETANOS - POLIOMYELITE;"REVAXIS
DULTAVAX (RO)";DIPHTERIE - valable 20 ans, apr�s 65 ans � faire tous les 10 ans;-61,75291375;-86,69114219;48
Febra Galbena;Stamaril;Valable � vie;-62,004662;-87,00582751;48
Encefalita Japoneza;Ixiaro;Deux doses (0 et 28 jours), puis 2 ans, puis 10 ans;-62,25641026;-87,32051282;48
HEP A;Avaxim;8 puis apr�s 12 ou 36 mois, puis 10 ans;-62,50815851;-87,63519814;48
Typhoide;Typherix/Typhim;valable 3 ans ou a faire avant d�part;-62,75990676;-87,94988345;48
DIPHTERIE - TETANOS - POLIOMYELITE;"REVAXIS
DULTAVAX (RO)";DIPHTERIE - valable 20 ans, apr�s 65 ans � faire tous les 10 ans;-63,01165501;-88,26456876;48
DIPHTERIE - TETANOS - POLIOMYELITE;"REVAXIS
DULTAVAX (RO)";DIPHTERIE - valable 20 ans, apr�s 65 ans � faire tous les 10 ans;-63,26340326;-88,57925408;48
Febra Galbena;Stamaril;Valable � vie;-63,51515152;-88,89393939;48
Encefalita Japoneza;Ixiaro;Deux doses (0 et 28 jours), puis 2 ans, puis 10 ans;-63,76689977;-89,20862471;48
HEP A;Avaxim;9 puis apr�s 12 ou 36 mois, puis 10 ans;-64,01864802;-89,52331002;48
Typhoide;Typherix/Typhim;valable 3 ans ou a faire avant d�part;-64,27039627;-89,83799534;48
DIPHTERIE - TETANOS - POLIOMYELITE;"REVAXIS
DULTAVAX (RO)";DIPHTERIE - valable 20 ans, apr�s 65 ans � faire tous les 10 ans;-64,52214452;-90,15268065;48
DIPHTERIE - TETANOS - POLIOMYELITE;"REVAXIS
DULTAVAX (RO)";DIPHTERIE - valable 20 ans, apr�s 65 ans � faire tous les 10 ans;-64,77389277;-90,46736597;48
Febra Galbena;Stamaril;Valable � vie;-65,02564103;-90,78205128;48
Encefalita Japoneza;Ixiaro;Deux doses (0 et 28 jours), puis 2 ans, puis 10 ans;-65,27738928;-91,0967366;48
HEP A;Avaxim;9 puis apr�s 12 ou 36 mois, puis 10 ans;-65,52913753;-91,41142191;48
Typhoide;Typherix/Typhim;valable 3 ans ou a faire avant d�part;-65,78088578;-91,72610723;48
DIPHTERIE - TETANOS - POLIOMYELITE;"REVAXIS
DULTAVAX (RO)";DIPHTERIE - valable 20 ans, apr�s 65 ans � faire tous les 10 ans;-66,03263403;-92,04079254;48
DIPHTERIE - TETANOS - POLIOMYELITE;"REVAXIS
DULTAVAX (RO)";DIPHTERIE - valable 20 ans, apr�s 65 ans � faire tous les 10 ans;-66,28438228;-92,35547786;48
Febra Galbena;Stamaril;Valable � vie;-66,53613054;-92,67016317;48
Encefalita Japoneza;Ixiaro;Deux doses (0 et 28 jours), puis 2 ans, puis 10 ans;-66,78787879;-92,98484848;48
HEP A;Avaxim;10 puis apr�s 12 ou 36 mois, puis 10 ans;-67,03962704;-93,2995338;48
Typhoide;Typherix/Typhim;valable 3 ans ou a faire avant d�part;-67,29137529;-93,61421911;48
DIPHTERIE - TETANOS - POLIOMYELITE;"REVAXIS
DULTAVAX (RO)";DIPHTERIE - valable 20 ans, apr�s 65 ans � faire tous les 10 ans;-67,54312354;-93,92890443;48
DIPHTERIE - TETANOS - POLIOMYELITE;"REVAXIS
DULTAVAX (RO)";DIPHTERIE - valable 20 ans, apr�s 65 ans � faire tous les 10 ans;-67,79487179;-94,24358974;48
Febra Galbena;Stamaril;Valable � vie;-68,04662005;-94,55827506;48
Encefalita Japoneza;Ixiaro;Deux doses (0 et 28 jours), puis 2 ans, puis 10 ans;-68,2983683;-94,87296037;48
HEP A;Avaxim;10 puis apr�s 12 ou 36 mois, puis 10 ans;-68,55011655;-95,18764569;48
Typhoide;Typherix/Typhim;valable 3 ans ou a faire avant d�part;-68,8018648;-95,502331;48
DIPHTERIE - TETANOS - POLIOMYELITE;"REVAXIS
DULTAVAX (RO)";DIPHTERIE - valable 20 ans, apr�s 65 ans � faire tous les 10 ans;-69,05361305;-95,81701632;48
DIPHTERIE - TETANOS - POLIOMYELITE;"REVAXIS
DULTAVAX (RO)";DIPHTERIE - valable 20 ans, apr�s 65 ans � faire tous les 10 ans;-69,30536131;-96,13170163;48
Febra Galbena;Stamaril;Valable � vie;-69,55710956;-96,44638695;48
Encefalita Japoneza;Ixiaro;Deux doses (0 et 28 jours), puis 2 ans, puis 10 ans;-69,80885781;-96,76107226;48
HEP A;Avaxim;11 puis apr�s 12 ou 36 mois, puis 10 ans;-70,06060606;-97,07575758;48
Febra Galbena;Stamaril;Valable � vie;-70,31235431;-97,39044289;48
Encefalita Japoneza;Ixiaro;Deux doses (0 et 28 jours), puis 2 ans, puis 10 ans;-70,56410256;-97,70512821;48
HEP A;Avaxim;9 puis apr�s 12 ou 36 mois, puis 10 ans;-70,81585082;-98,01981352;48
Typhoide;Typherix/Typhim;valable 3 ans ou a faire avant d�part;-71,06759907;-98,33449883;48
DIPHTERIE - TETANOS - POLIOMYELITE;"REVAXIS
DULTAVAX (RO)";DIPHTERIE - valable 20 ans, apr�s 65 ans � faire tous les 10 ans;-71,31934732;-98,64918415;48
DIPHTERIE - TETANOS - POLIOMYELITE;"REVAXIS
DULTAVAX (RO)";DIPHTERIE - valable 20 ans, apr�s 65 ans � faire tous les 10 ans;-71,57109557;-98,96386946;48
Febra Galbena;Stamaril;Valable � vie;-71,82284382;-99,27855478;48
Encefalita Japoneza;Ixiaro;Deux doses (0 et 28 jours), puis 2 ans, puis 10 ans;-72,07459207;-99,59324009;48
HEP A;Avaxim;9 puis apr�s 12 ou 36 mois, puis 10 ans;-72,32634033;-99,90792541;48
Typhoide;Typherix/Typhim;valable 3 ans ou a faire avant d�part;-72,57808858;-100,2226107;48
DIPHTERIE - TETANOS - POLIOMYELITE;"REVAXIS
DULTAVAX (RO)";DIPHTERIE - valable 20 ans, apr�s 65 ans � faire tous les 10 ans;-72,82983683;-100,537296;48
DIPHTERIE - TETANOS - POLIOMYELITE;"REVAXIS
DULTAVAX (RO)";DIPHTERIE - valable 20 ans, apr�s 65 ans � faire tous les 10 ans;-73,08158508;-100,8519814;48
Febra Galbena;Stamaril;Valable � vie;-73,33333333;-101,1666667;48
Encefalita Japoneza;Ixiaro;Deux doses (0 et 28 jours), puis 2 ans, puis 10 ans;-73,58508159;-101,481352;48
HEP A;Avaxim;10 puis apr�s 12 ou 36 mois, puis 10 ans;-73,83682984;-101,7960373;48
Typhoide;Typherix/Typhim;valable 3 ans ou a faire avant d�part;-74,08857809;-102,1107226;48
DIPHTERIE - TETANOS - POLIOMYELITE;"REVAXIS
DULTAVAX (RO)";DIPHTERIE - valable 20 ans, apr�s 65 ans � faire tous les 10 ans;-74,34032634;-102,4254079;48
DIPHTERIE - TETANOS - POLIOMYELITE;"REVAXIS
DULTAVAX (RO)";DIPHTERIE - valable 20 ans, apr�s 65 ans � faire tous les 10 ans;-74,59207459;-102,7400932;48
Febra Galbena;Stamaril;Valable � vie;-74,84382284;-103,0547786;48
Encefalita Japoneza;Ixiaro;Deux doses (0 et 28 jours), puis 2 ans, puis 10 ans;-75,0955711;-103,3694639;48
HEP A;Avaxim;10 puis apr�s 12 ou 36 mois, puis 10 ans;-75,34731935;-103,6841492;48
Typhoide;Typherix/Typhim;valable 3 ans ou a faire avant d�part;-75,5990676;-103,9988345;48
DIPHTERIE - TETANOS - POLIOMYELITE;"REVAXIS
DULTAVAX (RO)";DIPHTERIE - valable 20 ans, apr�s 65 ans � faire tous les 10 ans;-75,85081585;-104,3135198;48
DIPHTERIE - TETANOS - POLIOMYELITE;"REVAXIS
DULTAVAX (RO)";DIPHTERIE - valable 20 ans, apr�s 65 ans � faire tous les 10 ans;-76,1025641;-104,6282051;48
Febra Galbena;Stamaril;Valable � vie;-76,35431235;-104,9428904;48
Encefalita Japoneza;Ixiaro;Deux doses (0 et 28 jours), puis 2 ans, puis 10 ans;-76,60606061;-105,2575758;48
HEP A;Avaxim;11 puis apr�s 12 ou 36 mois, puis 10 ans;-76,85780886;-105,5722611;48
Typhoide;Typherix/Typhim;valable 3 ans ou a faire avant d�part;-77,10955711;-105,8869464;48
DIPHTERIE - TETANOS - POLIOMYELITE;"REVAXIS
DULTAVAX (RO)";DIPHTERIE - valable 20 ans, apr�s 65 ans � faire tous les 10 ans;-77,36130536;-106,2016317;48
DIPHTERIE - TETANOS - POLIOMYELITE;"REVAXIS
DULTAVAX (RO)";DIPHTERIE - valable 20 ans, apr�s 65 ans � faire tous les 10 ans;-77,61305361;-106,516317;48
Febra Galbena;Stamaril;Valable � vie;-77,86480186;-106,8310023;48
Encefalita Japoneza;Ixiaro;Deux doses (0 et 28 jours), puis 2 ans, puis 10 ans;-78,11655012;-107,1456876;48
HEP A;Avaxim;11 puis apr�s 12 ou 36 mois, puis 10 ans;-78,36829837;-107,460373;48
Typhoide;Typherix/Typhim;valable 3 ans ou a faire avant d�part;-78,62004662;-107,7750583;48
DIPHTERIE - TETANOS - POLIOMYELITE;"REVAXIS
DULTAVAX (RO)";DIPHTERIE - valable 20 ans, apr�s 65 ans � faire tous les 10 ans;-78,87179487;-108,0897436;48
DIPHTERIE - TETANOS - POLIOMYELITE;"REVAXIS
DULTAVAX (RO)";DIPHTERIE - valable 20 ans, apr�s 65 ans � faire tous les 10 ans;-79,12354312;-108,4044289;48
Febra Galbena;Stamaril;Valable � vie;-79,37529138;-108,7191142;48
Encefalita Japoneza;Ixiaro;Deux doses (0 et 28 jours), puis 2 ans, puis 10 ans;-79,62703963;-109,0337995;48
HEP A;Avaxim;12 puis apr�s 12 ou 36 mois, puis 10 ans;-79,87878788;-109,3484848;48
Febra Galbena;Stamaril;Valable � vie;-80,13053613;-109,6631702;48
Encefalita Japoneza;Ixiaro;Deux doses (0 et 28 jours), puis 2 ans, puis 10 ans;-80,38228438;-109,9778555;48
HEP A;Avaxim;10 puis apr�s 12 ou 36 mois, puis 10 ans;-80,63403263;-110,2925408;48
Typhoide;Typherix/Typhim;valable 3 ans ou a faire avant d�part;-80,88578089;-110,6072261;48
DIPHTERIE - TETANOS - POLIOMYELITE;"REVAXIS
DULTAVAX (RO)";DIPHTERIE - valable 20 ans, apr�s 65 ans � faire tous les 10 ans;-81,13752914;-110,9219114;48
DIPHTERIE - TETANOS - POLIOMYELITE;"REVAXIS
DULTAVAX (RO)";DIPHTERIE - valable 20 ans, apr�s 65 ans � faire tous les 10 ans;-81,38927739;-111,2365967;48
Febra Galbena;Stamaril;Valable � vie;-81,64102564;-111,5512821;48
Encefalita Japoneza;Ixiaro;Deux doses (0 et 28 jours), puis 2 ans, puis 10 ans;-81,89277389;-111,8659674;48
HEP A;Avaxim;10 puis apr�s 12 ou 36 mois, puis 10 ans;-82,14452214;-112,1806527;48
Typhoide;Typherix/Typhim;valable 3 ans ou a faire avant d�part;-82,3962704;-112,495338;48
DIPHTERIE - TETANOS - POLIOMYELITE;"REVAXIS
DULTAVAX (RO)";DIPHTERIE - valable 20 ans, apr�s 65 ans � faire tous les 10 ans;-82,64801865;-112,8100233;48
DIPHTERIE - TETANOS - POLIOMYELITE;"REVAXIS
DULTAVAX (RO)";DIPHTERIE - valable 20 ans, apr�s 65 ans � faire tous les 10 ans;-82,8997669;-113,1247086;48
Febra Galbena;Stamaril;Valable � vie;-83,15151515;-113,4393939;48
Encefalita Japoneza;Ixiaro;Deux doses (0 et 28 jours), puis 2 ans, puis 10 ans;-83,4032634;-113,7540793;48
HEP A;Avaxim;11 puis apr�s 12 ou 36 mois, puis 10 ans;-83,65501166;-114,0687646;48
Typhoide;Typherix/Typhim;valable 3 ans ou a faire avant d�part;-83,90675991;-114,3834499;48
DIPHTERIE - TETANOS - POLIOMYELITE;"REVAXIS
DULTAVAX (RO)";DIPHTERIE - valable 20 ans, apr�s 65 ans � faire tous les 10 ans;-84,15850816;-114,6981352;48
DIPHTERIE - TETANOS - POLIOMYELITE;"REVAXIS
DULTAVAX (RO)";DIPHTERIE - valable 20 ans, apr�s 65 ans � faire tous les 10 ans;-84,41025641;-115,0128205;48
Febra Galbena;Stamaril;Valable � vie;-84,66200466;-115,3275058;48
Encefalita Japoneza;Ixiaro;Deux doses (0 et 28 jours), puis 2 ans, puis 10 ans;-84,91375291;-115,6421911;48
HEP A;Avaxim;11 puis apr�s 12 ou 36 mois, puis 10 ans;-85,16550117;-115,9568765;48
Typhoide;Typherix/Typhim;valable 3 ans ou a faire avant d�part;-85,41724942;-116,2715618;48
DIPHTERIE - TETANOS - POLIOMYELITE;"REVAXIS
DULTAVAX (RO)";DIPHTERIE - valable 20 ans, apr�s 65 ans � faire tous les 10 ans;-85,66899767;-116,5862471;48
DIPHTERIE - TETANOS - POLIOMYELITE;"REVAXIS
DULTAVAX (RO)";DIPHTERIE - valable 20 ans, apr�s 65 ans � faire tous les 10 ans;-85,92074592;-116,9009324;48
Febra Galbena;Stamaril;Valable � vie;-86,17249417;-117,2156177;48
Encefalita Japoneza;Ixiaro;Deux doses (0 et 28 jours), puis 2 ans, puis 10 ans;-86,42424242;-117,530303;48
HEP A;Avaxim;12 puis apr�s 12 ou 36 mois, puis 10 ans;-86,67599068;-117,8449883;48
Typhoide;Typherix/Typhim;valable 3 ans ou a faire avant d�part;-86,92773893;-118,1596737;48
DIPHTERIE - TETANOS - POLIOMYELITE;"REVAXIS
DULTAVAX (RO)";DIPHTERIE - valable 20 ans, apr�s 65 ans � faire tous les 10 ans;-87,17948718;-118,474359;48
DIPHTERIE - TETANOS - POLIOMYELITE;"REVAXIS
DULTAVAX (RO)";DIPHTERIE - valable 20 ans, apr�s 65 ans � faire tous les 10 ans;-87,43123543;-118,7890443;48
Febra Galbena;Stamaril;Valable � vie;-87,68298368;-119,1037296;48
Encefalita Japoneza;Ixiaro;Deux doses (0 et 28 jours), puis 2 ans, puis 10 ans;-87,93473193;-119,4184149;48
HEP A;Avaxim;12 puis apr�s 12 ou 36 mois, puis 10 ans;-88,18648019;-119,7331002;48
Typhoide;Typherix/Typhim;valable 3 ans ou a faire avant d�part;-88,43822844;-120,0477855;48
DIPHTERIE - TETANOS - POLIOMYELITE;"REVAXIS
DULTAVAX (RO)";DIPHTERIE - valable 20 ans, apr�s 65 ans � faire tous les 10 ans;-88,68997669;-120,3624709;48
DIPHTERIE - TETANOS - POLIOMYELITE;"REVAXIS
DULTAVAX (RO)";DIPHTERIE - valable 20 ans, apr�s 65 ans � faire tous les 10 ans;-88,94172494;-120,6771562;48
Febra Galbena;Stamaril;Valable � vie;-89,19347319;-120,9918415;48
Encefalita Japoneza;Ixiaro;Deux doses (0 et 28 jours), puis 2 ans, puis 10 ans;-89,44522145;-121,3065268;48
HEP A;Avaxim;13 puis apr�s 12 ou 36 mois, puis 10 ans;-89,6969697;-121,6212121;48
Febra Galbena;Stamaril;Valable � vie;-89,94871795;-121,9358974;48
Encefalita Japoneza;Ixiaro;Deux doses (0 et 28 jours), puis 2 ans, puis 10 ans;-90,2004662;-122,2505828;48
HEP A;Avaxim;11 puis apr�s 12 ou 36 mois, puis 10 ans;-90,45221445;-122,5652681;48
Typhoide;Typherix/Typhim;valable 3 ans ou a faire avant d�part;-90,7039627;-122,8799534;48
DIPHTERIE - TETANOS - POLIOMYELITE;"REVAXIS
DULTAVAX (RO)";DIPHTERIE - valable 20 ans, apr�s 65 ans � faire tous les 10 ans;-90,95571096;-123,1946387;48
DIPHTERIE - TETANOS - POLIOMYELITE;"REVAXIS
DULTAVAX (RO)";DIPHTERIE - valable 20 ans, apr�s 65 ans � faire tous les 10 ans;-91,20745921;-123,509324;48
Febra Galbena;Stamaril;Valable � vie;-91,45920746;-123,8240093;48
Encefalita Japoneza;Ixiaro;Deux doses (0 et 28 jours), puis 2 ans, puis 10 ans;-91,71095571;-124,1386946;48
HEP A;Avaxim;11 puis apr�s 12 ou 36 mois, puis 10 ans;-91,96270396;-124,45338;48
Typhoide;Typherix/Typhim;valable 3 ans ou a faire avant d�part;-92,21445221;-124,7680653;48
DIPHTERIE - TETANOS - POLIOMYELITE;"REVAXIS
DULTAVAX (RO)";DIPHTERIE - valable 20 ans, apr�s 65 ans � faire tous les 10 ans;-92,46620047;-125,0827506;48
DIPHTERIE - TETANOS - POLIOMYELITE;"REVAXIS
DULTAVAX (RO)";DIPHTERIE - valable 20 ans, apr�s 65 ans � faire tous les 10 ans;-92,71794872;-125,3974359;48
Febra Galbena;Stamaril;Valable � vie;-92,96969697;-125,7121212;48
Encefalita Japoneza;Ixiaro;Deux doses (0 et 28 jours), puis 2 ans, puis 10 ans;-93,22144522;-126,0268065;48
HEP A;Avaxim;12 puis apr�s 12 ou 36 mois, puis 10 ans;-93,47319347;-126,3414918;48
Typhoide;Typherix/Typhim;valable 3 ans ou a faire avant d�part;-93,72494172;-126,6561772;48
DIPHTERIE - TETANOS - POLIOMYELITE;"REVAXIS
DULTAVAX (RO)";DIPHTERIE - valable 20 ans, apr�s 65 ans � faire tous les 10 ans;-93,97668998;-126,9708625;48
DIPHTERIE - TETANOS - POLIOMYELITE;"REVAXIS
DULTAVAX (RO)";DIPHTERIE - valable 20 ans, apr�s 65 ans � faire tous les 10 ans;-94,22843823;-127,2855478;48
Febra Galbena;Stamaril;Valable � vie;-94,48018648;-127,6002331;48
Encefalita Japoneza;Ixiaro;Deux doses (0 et 28 jours), puis 2 ans, puis 10 ans;-94,73193473;-127,9149184;48
HEP A;Avaxim;12 puis apr�s 12 ou 36 mois, puis 10 ans;-94,98368298;-128,2296037;48
Typhoide;Typherix/Typhim;valable 3 ans ou a faire avant d�part;-95,23543124;-128,544289;48
DIPHTERIE - TETANOS - POLIOMYELITE;"REVAXIS
DULTAVAX (RO)";DIPHTERIE - valable 20 ans, apr�s 65 ans � faire tous les 10 ans;-95,48717949;-128,8589744;48
DIPHTERIE - TETANOS - POLIOMYELITE;"REVAXIS
DULTAVAX (RO)";DIPHTERIE - valable 20 ans, apr�s 65 ans � faire tous les 10 ans;-95,73892774;-129,1736597;48
Febra Galbena;Stamaril;Valable � vie;-95,99067599;-129,488345;48
Encefalita Japoneza;Ixiaro;Deux doses (0 et 28 jours), puis 2 ans, puis 10 ans;-96,24242424;-129,8030303;48
HEP A;Avaxim;13 puis apr�s 12 ou 36 mois, puis 10 ans;-96,49417249;-130,1177156;48
Typhoide;Typherix/Typhim;valable 3 ans ou a faire avant d�part;-96,74592075;-130,4324009;48
